<?xml version="1.0" encoding="UTF-8"?>

<beans  
    xmlns="http://www.springframework.org/schema/beans"  
    xmlns:xsi="http://www.w3.org/2001/XMLSchema-instance"  
    xmlns:p="http://www.springframework.org/schema/p"  
    xsi:schemaLocation="http://www.springframework.org/schema/beans   
	http://www.springframework.org/schema/beans/spring-beans-3.0.xsd">
	
	<!-- Initialization for data source -->
   <!-- <bean id="dataSource" class="org.springframework.jdbc.datasource.DriverManagerDataSource"> -->
   <bean id="dataSource" destroy-method="close" class="org.apache.commons.dbcp.BasicDataSource">
      <property name="driverClassName" value="com.mysql.jdbc.Driver"/>
      <property name="url" value="jdbc:mysql://localhost:3306/mtss"/>
      <property name="username" value="root"/>
      <property name="password" value="yash"/>
      <property name="initialSize" value="3"/>
   </bean>

   <bean id="jdbcTemplate" class="org.springframework.jdbc.core.JdbcTemplate">  
		<property name="dataSource" ref="dataSource"></property>  
	</bean>
</beans>  